image_path,width,height,class_id,x_center_norm,y_center_norm,width_norm,height_norm
/content/RV-PBS_YOLO/images/train/IMG_3464.jpg,4032,3024,5,0.289792,0.643313,0.254137,0.34373
/content/RV-PBS_YOLO/images/train/IMG_3165.jpg,4032,3024,6,0.545155,0.78856,0.222289,0.316868
/content/RV-PBS_YOLO/images/train/IMG_3136.jpg,4032,3024,6,0.643643,0.348199,0.189747,0.274699
/content/RV-PBS_YOLO/images/train/IMG_3521.jpg,4032,3024,8,0.676755,0.329982,0.238455,0.301901
/content/RV-PBS_YOLO/images/train/IMG_3604.jpg,4032,3024,3,0.691291,0.584876,0.267319,0.354752
/content/RV-PBS_YOLO/images/train/IMG_3049.jpg,4032,3024,5,0.583557,0.613871,0.282837,0.326485
/content/RV-PBS_YOLO/images/train/IMG_4237.jpg,4032,3024,8,0.807288,0.174567,0.20345,0.250126
/content/RV-PBS_YOLO/images/train/IMG_4237.jpg,4032,3024,8,0.597892,0.741634,0.197346,0.276587
/content/RV-PBS_YOLO/images/train/IMG_3018.jpg,4032,3024,9,0.799877,0.312536,0.189834,0.23494
/content/RV-PBS_YOLO/images/train/IMG_3617.jpg,4032,3024,8,0.718806,0.680852,0.195226,0.275989
/content/RV-PBS_YOLO/images/train/IMG_2523.jpg,4032,3024,6,0.399091,0.562406,0.202116,0.296286
/content/RV-PBS_YOLO/images/train/IMG_2928.jpg,4032,3024,7,0.318214,0.400694,0.245516,0.327447
/content/RV-PBS_YOLO/images/train/IMG_3483.jpg,4032,3024,8,0.342502,0.522374,0.239072,0.322288
/content/RV-PBS_YOLO/images/train/IMG_2690.jpg,4032,3024,3,0.809075,0.456885,0.277986,0.354709
/content/RV-PBS_YOLO/images/train/IMG_2690.jpg,4032,3024,3,0.185518,0.652312,0.286771,0.368975
/content/RV-PBS_YOLO/images/train/IMG_2542.jpg,4032,3024,3,0.325573,0.525909,0.258428,0.331323
/content/RV-PBS_YOLO/images/train/IMG_3609.jpg,4032,3024,8,0.66159,0.55372,0.240546,0.287269
/content/RV-PBS_YOLO/images/train/IMG_3150.jpg,4032,3024,0,0.50097,0.625293,0.204816,0.27208
/content/RV-PBS_YOLO/images/train/IMG_3126.jpg,4032,3024,0,0.396363,0.852697,0.200176,0.251002
/content/RV-PBS_YOLO/images/train/IMG_4107.jpg,4032,3024,8,0.656622,0.454487,0.252277,0.399306
/content/RV-PBS_YOLO/images/train/IMG_3516.jpg,4032,3024,1,0.722204,0.584223,0.249249,0.312249
/content/RV-PBS_YOLO/images/train/IMG_3513.jpg,4032,3024,7,0.544459,0.532599,0.263562,0.340661
/content/RV-PBS_YOLO/images/train/IMG_3832.jpg,4032,3024,4,0.289059,0.678249,0.207706,0.261882
/content/RV-PBS_YOLO/images/train/IMG_2693.jpg,4032,3024,3,0.390087,0.192138,0.229668,0.319613
/content/RV-PBS_YOLO/images/train/IMG_2693.jpg,4032,3024,3,0.554184,0.467406,0.202693,0.3079
/content/RV-PBS_YOLO/images/train/IMG_2744.jpg,4032,3024,6,0.520778,0.618461,0.219268,0.307391
/content/RV-PBS_YOLO/images/train/IMG_2510.jpg,4032,3024,6,0.244462,0.733707,0.227922,0.31162
/content/RV-PBS_YOLO/images/train/IMG_3452.jpg,4032,3024,4,0.594655,0.205106,0.188254,0.186858
/content/RV-PBS_YOLO/images/train/slide_1.png,4032,3024,8,0.602455,0.324177,0.236954,0.295033
/content/RV-PBS_YOLO/images/train/IMG_3009.jpg,4032,3024,9,0.282029,0.641017,0.205823,0.30204
/content/RV-PBS_YOLO/images/train/IMG_3162.jpg,4032,3024,2,0.235666,0.566882,0.224998,0.307242
/content/RV-PBS_YOLO/images/train/IMG_3052.jpg,4032,3024,1,0.527535,0.786143,0.197892,0.234924
/content/RV-PBS_YOLO/images/train/IMG_3607.jpg,4032,3024,4,0.585236,0.601819,0.153755,0.191071
/content/RV-PBS_YOLO/images/train/IMG_2695.jpg,4032,3024,3,0.396727,0.489229,0.217016,0.280985
/content/RV-PBS_YOLO/images/train/IMG_3459.jpg,4032,3024,5,0.20674,0.235509,0.338653,0.334775
/content/RV-PBS_YOLO/images/train/IMG_3831.jpg,4032,3024,4,0.611597,0.511331,0.15123,0.229249
/content/RV-PBS_YOLO/images/train/IMG_3168.jpg,4032,3024,0,0.407971,0.239269,0.193482,0.253803
/content/RV-PBS_YOLO/images/train/IMG_2686.jpg,4032,3024,3,0.368751,0.298193,0.311664,0.380003
/content/RV-PBS_YOLO/images/train/IMG_3147.jpg,4032,3024,0,0.322866,0.563861,0.213251,0.279521
/content/RV-PBS_YOLO/images/train/IMG_3161.jpg,4032,3024,0,0.438093,0.773881,0.214608,0.274097
/content/RV-PBS_YOLO/images/train/IMG_3529.jpg,4032,3024,1,0.371751,0.201475,0.201181,0.237738
/content/RV-PBS_YOLO/images/train/IMG_4112.jpg,4032,3024,8,0.532856,0.209897,0.247532,0.353552
/content/RV-PBS_YOLO/images/train/IMG_3615.jpg,4032,3024,4,0.326391,0.3854,0.14559,0.178208
/content/RV-PBS_YOLO/images/train/IMG_3615.jpg,4032,3024,4,0.574199,0.653309,0.17131,0.234256
/content/RV-PBS_YOLO/images/train/IMG_4155.jpg,4032,3024,2,0.38775,0.437932,0.222465,0.308806
/content/RV-PBS_YOLO/images/train/IMG_3134.jpg,4032,3024,0,0.612409,0.479704,0.20782,0.274097
/content/RV-PBS_YOLO/images/train/IMG_3141.jpg,4032,3024,8,0.587173,0.718079,0.226806,0.257831
/content/RV-PBS_YOLO/images/train/IMG_3025.jpg,4032,3024,0,0.317893,0.848198,0.206922,0.274702
/content/RV-PBS_YOLO/images/train/IMG_3025.jpg,4032,3024,0,0.348167,0.077712,0.180724,0.155423
/content/RV-PBS_YOLO/images/train/IMG_3119.jpg,4032,3024,0,0.768269,0.457077,0.203353,0.275463
/content/RV-PBS_YOLO/images/train/IMG_2692.jpg,4032,3024,3,0.178304,0.647292,0.251002,0.343876
/content/RV-PBS_YOLO/images/train/IMG_2692.jpg,4032,3024,3,0.873834,0.349691,0.220258,0.302027
/content/RV-PBS_YOLO/images/train/IMG_3481.jpg,4032,3024,7,0.526823,0.591235,0.256275,0.330493
/content/RV-PBS_YOLO/images/train/IMG_3519.jpg,4032,3024,1,0.253759,0.506563,0.19283,0.260208
/content/RV-PBS_YOLO/images/train/IMG_4174.jpg,4032,3024,2,0.187071,0.298853,0.294658,0.297381
/content/RV-PBS_YOLO/images/train/IMG_2931.jpg,4032,3024,8,0.761562,0.575511,0.234018,0.314051
/content/RV-PBS_YOLO/images/train/IMG_3869.jpg,4032,3024,8,0.57939,0.827364,0.231448,0.302546
/content/RV-PBS_YOLO/images/train/IMG_2838.jpg,4032,3024,2,0.217137,0.297001,0.211456,0.263843
/content/RV-PBS_YOLO/images/train/IMG_2838.jpg,4032,3024,2,0.346365,0.839163,0.198782,0.271085
/content/RV-PBS_YOLO/images/train/IMG_2838.jpg,4032,3024,2,0.460667,0.482536,0.19247,0.256627
/content/RV-PBS_YOLO/images/train/IMG_2838.jpg,4032,3024,2,0.326932,0.595782,0.208735,0.23495
/content/RV-PBS_YOLO/images/train/IMG_4111.jpg,4032,3024,8,0.543085,0.263337,0.249226,0.354153
/content/RV-PBS_YOLO/images/train/IMG_3137.jpg,4032,3024,7,0.409082,0.740301,0.230957,0.316911
/content/RV-PBS_YOLO/images/train/IMG_3593.jpg,4032,3024,3,0.561079,0.519699,0.252267,0.334676
/content/RV-PBS_YOLO/images/train/IMG_2694.jpg,4032,3024,3,0.511197,0.173522,0.251525,0.30539
/content/RV-PBS_YOLO/images/train/IMG_2694.jpg,4032,3024,3,0.308043,0.722941,0.240541,0.308178
/content/RV-PBS_YOLO/images/train/IMG_3616.jpg,4032,3024,4,0.377955,0.190604,0.195052,0.242636
/content/RV-PBS_YOLO/images/train/IMG_2705.jpg,4032,3024,3,0.701119,0.560127,0.19247,0.254216
/content/RV-PBS_YOLO/images/train/IMG_2705.jpg,4032,3024,3,0.74892,0.846151,0.211446,0.26506
/content/RV-PBS_YOLO/images/train/IMG_2700.jpg,4032,3024,3,0.705093,0.225909,0.184343,0.237348
/content/RV-PBS_YOLO/images/train/IMG_2700.jpg,4032,3024,3,0.42588,0.181933,0.180729,0.253013
/content/RV-PBS_YOLO/images/train/IMG_3178.jpg,4032,3024,2,0.366245,0.332536,0.211458,0.262652
/content/RV-PBS_YOLO/images/train/IMG_2930.jpg,4032,3024,8,0.489757,0.462312,0.196096,0.251012
/content/RV-PBS_YOLO/images/train/IMG_2930.jpg,4032,3024,8,0.77245,0.343042,0.186071,0.25914
/content/RV-PBS_YOLO/images/train/IMG_2930.jpg,4032,3024,8,0.885969,0.777359,0.19784,0.232993
/content/RV-PBS_YOLO/images/train/IMG_2930.jpg,4032,3024,8,0.892722,0.546402,0.188688,0.226601
/content/RV-PBS_YOLO/images/train/IMG_3648.jpg,4032,3024,2,0.276777,0.389153,0.231332,0.293981
/content/RV-PBS_YOLO/images/train/IMG_3648.jpg,4032,3024,2,0.730848,0.65121,0.208735,0.271085
/content/RV-PBS_YOLO/images/train/IMG_3023.jpg,4032,3024,8,0.410978,0.754178,0.200454,0.263786
/content/RV-PBS_YOLO/images/train/IMG_3173.jpg,4032,3024,8,0.374828,0.606635,0.23403,0.309633
/content/RV-PBS_YOLO/images/train/IMG_3975.jpg,4032,3024,0,0.811271,0.688204,0.203941,0.281124
/content/RV-PBS_YOLO/images/train/IMG_2751.jpg,4032,3024,6,0.584642,0.727664,0.240801,0.271465
/content/RV-PBS_YOLO/images/train/IMG_3433.jpg,4032,3024,4,0.441923,0.571237,0.189516,0.245985
/content/RV-PBS_YOLO/images/train/IMG_2707.jpg,4032,3024,3,0.729944,0.583138,0.188857,0.207229
/content/RV-PBS_YOLO/images/train/IMG_3539.jpg,4032,3024,2,0.199063,0.353963,0.264077,0.2029
/content/RV-PBS_YOLO/images/train/IMG_3539.jpg,4032,3024,2,0.159688,0.539747,0.15494,0.187219
/content/RV-PBS_YOLO/images/train/IMG_3539.jpg,4032,3024,2,0.169046,0.169717,0.212438,0.198528
/content/RV-PBS_YOLO/images/train/IMG_3475.jpg,4032,3024,9,0.702433,0.535731,0.231106,0.291435
/content/RV-PBS_YOLO/images/train/IMG_3590.jpg,4032,3024,3,0.601321,0.550608,0.23285,0.359034
/content/RV-PBS_YOLO/images/train/IMG_2532.jpg,4032,3024,6,0.555443,0.335686,0.234864,0.29624
/content/RV-PBS_YOLO/images/train/psb_2_slide_6.png,3302,2476,4,0.460035,0.458294,0.214558,0.352242
/content/RV-PBS_YOLO/images/train/IMG_3054.jpg,4032,3024,5,0.54651,0.793985,0.223194,0.284332
/content/RV-PBS_YOLO/images/train/IMG_3054.jpg,4032,3024,5,0.437624,0.427717,0.245784,0.346987
/content/RV-PBS_YOLO/images/train/IMG_3426.jpg,4032,3024,6,0.780723,0.478909,0.195027,0.259372
/content/RV-PBS_YOLO/images/train/IMG_3811.jpg,4032,3024,8,0.511458,0.472426,0.187153,0.268575
/content/RV-PBS_YOLO/images/train/IMG_3596.jpg,4032,3024,3,0.519731,0.516769,0.2441,0.275265
/content/RV-PBS_YOLO/images/train/IMG_3848.jpg,4032,3024,4,0.404834,0.285845,0.184489,0.273595
/content/RV-PBS_YOLO/images/train/IMG_3418.jpg,4032,3024,6,0.389773,0.455129,0.225905,0.300919
/content/RV-PBS_YOLO/images/train/IMG_3169.jpg,4032,3024,8,0.531151,0.5235,0.237649,0.29036
/content/RV-PBS_YOLO/images/train/IMG_2651.jpg,4032,3024,4,0.549072,0.554884,0.185635,0.296323
/content/RV-PBS_YOLO/images/train/IMG_2691.jpg,4032,3024,3,0.526193,0.384993,0.257907,0.337183
/content/RV-PBS_YOLO/images/train/IMG_2691.jpg,4032,3024,3,0.313781,0.656496,0.256024,0.349732
/content/RV-PBS_YOLO/images/train/IMG_3656.jpg,4032,3024,2,0.428755,0.29337,0.203313,0.301224
/content/RV-PBS_YOLO/images/train/IMG_2825.jpg,4032,3024,2,0.408258,0.389162,0.188857,0.253013
/content/RV-PBS_YOLO/images/train/IMG_3122.jpg,4032,3024,8,0.477836,0.737958,0.293673,0.391564
/content/RV-PBS_YOLO/images/train/IMG_4249.jpg,4032,3024,0,0.504555,0.330028,0.205756,0.266333
/content/RV-PBS_YOLO/images/train/IMG_3434.jpg,4032,3024,5,0.432821,0.485227,0.249249,0.337351
/content/RV-PBS_YOLO/images/train/IMG_3415.jpg,4032,3024,4,0.673721,0.752783,0.165246,0.223112
/content/RV-PBS_YOLO/images/train/IMG_4176.jpg,4032,3024,2,0.659528,0.578151,0.275389,0.327394
/content/RV-PBS_YOLO/images/train/IMG_4176.jpg,4032,3024,2,0.817746,0.383041,0.2356,0.291796
/content/RV-PBS_YOLO/images/train/IMG_4176.jpg,4032,3024,2,0.757738,0.802059,0.171463,0.230949
/content/RV-PBS_YOLO/images/train/IMG_4176.jpg,4032,3024,2,0.446441,0.72207,0.253924,0.311806
/content/RV-PBS_YOLO/images/train/IMG_3525.jpg,4032,3024,7,0.400503,0.307768,0.340987,0.430893
/content/RV-PBS_YOLO/images/train/IMG_3652.jpg,4032,3024,2,0.660016,0.844469,0.256243,0.266346
/content/RV-PBS_YOLO/images/train/IMG_3652.jpg,4032,3024,2,0.764748,0.672601,0.274819,0.257278
/content/RV-PBS_YOLO/images/train/IMG_4220.jpg,4032,3024,8,0.135242,0.443479,0.195444,0.252745
/content/RV-PBS_YOLO/images/train/slide_6.png,4032,3024,7,0.254754,0.787586,0.311662,0.352222
/content/RV-PBS_YOLO/images/train/slide_6.png,4032,3024,7,0.824431,0.497178,0.249953,0.375109
/content/RV-PBS_YOLO/images/train/slide_6.png,4032,3024,7,0.100186,0.360126,0.200372,0.23494
/content/RV-PBS_YOLO/images/train/slide_6.png,4032,3024,7,0.687401,0.799339,0.305556,0.374868
/content/RV-PBS_YOLO/images/train/slide_6.png,4032,3024,7,0.428385,0.574988,0.284152,0.547331
/content/RV-PBS_YOLO/images/train/slide_6.png,4032,3024,7,0.046533,0.568776,0.093065,0.332593
/content/RV-PBS_YOLO/images/train/slide_6.png,4032,3024,7,0.602245,0.45754,0.226612,0.367526
/content/RV-PBS_YOLO/images/train/slide_6.png,4032,3024,7,0.095427,0.833737,0.190853,0.216852
/content/RV-PBS_YOLO/images/train/slide_6.png,4032,3024,7,0.736313,0.196893,0.336962,0.316663
/content/RV-PBS_YOLO/images/train/IMG_3048.jpg,4032,3024,4,0.520306,0.259041,0.190662,0.236144
/content/RV-PBS_YOLO/images/train/IMG_3654.jpg,4032,3024,2,0.66264,0.425443,0.265062,0.277619
/content/RV-PBS_YOLO/images/train/IMG_3654.jpg,4032,3024,2,0.772972,0.624144,0.217537,0.329094
/content/RV-PBS_YOLO/images/train/IMG_3654.jpg,4032,3024,2,0.587587,0.734196,0.227108,0.294451
/content/RV-PBS_YOLO/images/train/IMG_2655.jpg,4032,3024,6,0.351394,0.672197,0.187138,0.27958
/content/RV-PBS_YOLO/images/train/IMG_3889.jpg,4032,3024,9,0.672731,0.826806,0.165799,0.21963
/content/RV-PBS_YOLO/images/train/IMG_3905.jpg,4032,3024,9,0.47662,0.774633,0.203313,0.271085
/content/RV-PBS_YOLO/images/train/IMG_3908.jpg,4032,3024,0,0.637004,0.595837,0.207937,0.284471
/content/RV-PBS_YOLO/images/train/IMG_3606.jpg,4032,3024,9,0.472416,0.342817,0.198919,0.260198
/content/RV-PBS_YOLO/images/train/IMG_2528.jpg,4032,3024,6,0.632744,0.456062,0.205022,0.286224
/content/RV-PBS_YOLO/images/train/IMG_3520.jpg,4032,3024,8,0.650869,0.534139,0.272443,0.34288
/content/RV-PBS_YOLO/images/train/IMG_3125.jpg,4032,3024,0,0.260154,0.451753,0.213522,0.274802
/content/RV-PBS_YOLO/images/train/IMG_3156.jpg,4032,3024,7,0.423816,0.766379,0.315117,0.421131
/content/RV-PBS_YOLO/images/train/IMG_2995.jpg,4032,3024,1,0.723167,0.785549,0.263854,0.291567
/content/RV-PBS_YOLO/images/train/IMG_3902.jpg,4032,3024,9,0.371994,0.807027,0.210739,0.284471
/content/RV-PBS_YOLO/images/train/IMG_2508.jpg,4032,3024,6,0.455955,0.733094,0.212594,0.274024
/content/RV-PBS_YOLO/images/train/IMG_3651.jpg,4032,3024,2,0.49685,0.455089,0.22252,0.332533
/content/RV-PBS_YOLO/images/train/IMG_2650.jpg,4032,3024,6,0.275486,0.548942,0.219831,0.338201
/content/RV-PBS_YOLO/images/train/IMG_3046.jpg,4032,3024,6,0.341842,0.399411,0.24036,0.285529
/content/RV-PBS_YOLO/images/train/IMG_3172.jpg,4032,3024,9,0.750278,0.724699,0.209633,0.292784
/content/RV-PBS_YOLO/images/train/IMG_2824.jpg,4032,3024,2,0.584462,0.511452,0.239459,0.3
/content/RV-PBS_YOLO/images/train/IMG_3447.jpg,4032,3024,4,0.670585,0.489153,0.235317,0.303704
/content/RV-PBS_YOLO/images/train/IMG_3517.jpg,4032,3024,1,0.624812,0.631639,0.190868,0.258555
/content/RV-PBS_YOLO/images/train/IMG_3177.jpg,4032,3024,9,0.655844,0.192176,0.197884,0.285542
/content/RV-PBS_YOLO/images/train/IMG_3410.jpg,4032,3024,5,0.623416,0.440772,0.214397,0.281683
/content/RV-PBS_YOLO/images/train/IMG_3017.jpg,4032,3024,8,0.36999,0.464831,0.195883,0.280192
/content/RV-PBS_YOLO/images/train/IMG_3017.jpg,4032,3024,8,0.537227,0.485615,0.168353,0.27791
/content/RV-PBS_YOLO/images/train/psb_2_slide_4.png,3302,2476,2,0.493675,0.575347,0.211396,0.249402
/content/RV-PBS_YOLO/images/train/IMG_2683.jpg,4032,3024,3,0.468683,0.362262,0.264077,0.355589
/content/RV-PBS_YOLO/images/train/IMG_2552.jpg,4032,3024,3,0.837339,0.644848,0.256027,0.341839
/content/RV-PBS_YOLO/images/train/IMG_2546.jpg,4032,3024,3,0.56834,0.334732,0.258857,0.348036
/content/RV-PBS_YOLO/images/train/IMG_2771.jpg,4032,3024,6,0.679451,0.380217,0.242378,0.364507
/content/RV-PBS_YOLO/images/train/IMG_3841.jpg,4032,3024,4,0.775279,0.729084,0.199244,0.295602
/content/RV-PBS_YOLO/images/train/IMG_3482.jpg,4032,3024,8,0.493878,0.785261,0.205196,0.293671
/content/RV-PBS_YOLO/images/train/IMG_3476.jpg,4032,3024,2,0.199978,0.626506,0.253021,0.342159
/content/RV-PBS_YOLO/images/train/IMG_2648.jpg,4032,3024,6,0.563898,0.645518,0.213068,0.284845
/content/RV-PBS_YOLO/images/train/IMG_2554.jpg,4032,3024,3,0.261058,0.611933,0.253916,0.331326
/content/RV-PBS_YOLO/images/train/IMG_2812.jpg,4032,3024,2,0.431749,0.564469,0.237654,0.345797
/content/RV-PBS_YOLO/images/train/IMG_2555.jpg,4032,3024,3,0.81308,0.70962,0.254142,0.325602
/content/RV-PBS_YOLO/images/train/IMG_2555.jpg,4032,3024,3,0.484685,0.587609,0.241592,0.324213
/content/RV-PBS_YOLO/images/train/IMG_3159.jpg,4032,3024,8,0.429493,0.620488,0.2747,0.330122
/content/RV-PBS_YOLO/images/train/IMG_3503.jpg,4032,3024,8,0.610015,0.612975,0.239891,0.297047
/content/RV-PBS_YOLO/images/train/IMG_2643.jpg,4032,3024,6,0.585506,0.64915,0.229226,0.295615
/content/RV-PBS_YOLO/images/train/IMG_3600.jpg,4032,3024,5,0.4036,0.613542,0.266858,0.328313
/content/RV-PBS_YOLO/images/train/IMG_3914.jpg,4032,3024,8,0.841525,0.426576,0.18312,0.250109
/content/RV-PBS_YOLO/images/train/IMG_3653.jpg,4032,3024,2,0.265275,0.740749,0.245481,0.270083
/content/RV-PBS_YOLO/images/train/IMG_3653.jpg,4032,3024,2,0.191839,0.522288,0.242165,0.271098
/content/RV-PBS_YOLO/images/train/IMG_2998.jpg,4032,3024,0,0.421359,0.75121,0.258433,0.273492
/content/RV-PBS_YOLO/images/train/IMG_2746.jpg,4032,3024,6,0.460465,0.455747,0.22716,0.281085
/content/RV-PBS_YOLO/images/train/IMG_3012.jpg,4032,3024,0,0.560061,0.381933,0.210548,0.277106
/content/RV-PBS_YOLO/images/train/psb_2_slide_8.png,4032,3024,2,0.584003,0.678922,0.200595,0.268677
/content/RV-PBS_YOLO/images/train/IMG_3715.jpg,4032,3024,5,0.70114,0.577265,0.321922,0.400761
/content/RV-PBS_YOLO/images/train/IMG_2836.jpg,4032,3024,2,0.303529,0.613137,0.219578,0.239765
/content/RV-PBS_YOLO/images/train/IMG_2836.jpg,4032,3024,2,0.410064,0.434945,0.170784,0.233733
/content/RV-PBS_YOLO/images/train/IMG_2836.jpg,4032,3024,2,0.618347,0.537354,0.184338,0.240966
/content/RV-PBS_YOLO/images/train/IMG_3154.jpg,4032,3024,7,0.426151,0.468064,0.22188,0.288079
/content/RV-PBS_YOLO/images/train/IMG_2810.jpg,4032,3024,5,0.717271,0.402257,0.213356,0.313476
/content/RV-PBS_YOLO/images/train/IMG_2506.jpg,4032,3024,6,0.643826,0.630261,0.203599,0.266052
/content/RV-PBS_YOLO/images/train/IMG_2659.jpg,4032,3024,6,0.644927,0.169089,0.197755,0.218581
/content/RV-PBS_YOLO/images/train/IMG_2659.jpg,4032,3024,6,0.426033,0.28433,0.24285,0.238621
/content/RV-PBS_YOLO/images/train/IMG_3655.jpg,4032,3024,2,0.383545,0.728586,0.252061,0.29911
/content/RV-PBS_YOLO/images/train/IMG_3655.jpg,4032,3024,2,0.202989,0.809697,0.207813,0.259606
/content/RV-PBS_YOLO/images/train/IMG_2992.jpg,4032,3024,0,0.466992,0.589772,0.320784,0.350615
/content/RV-PBS_YOLO/images/train/IMG_2688.jpg,4032,3024,6,0.598423,0.787563,0.207148,0.275575
/content/RV-PBS_YOLO/images/train/IMG_3113.jpg,4032,3024,7,0.35189,0.492302,0.226597,0.32713
/content/RV-PBS_YOLO/images/train/slide_7.png,3302,2476,2,0.500898,0.586791,0.262002,0.368663
/content/RV-PBS_YOLO/images/train/IMG_2831.jpg,4032,3024,2,0.27407,0.455428,0.177108,0.231326
/content/RV-PBS_YOLO/images/train/IMG_2831.jpg,4032,3024,2,0.881298,0.787963,0.166267,0.221693
/content/RV-PBS_YOLO/images/train/IMG_2831.jpg,4032,3024,2,0.877232,0.527712,0.197892,0.277116
/content/RV-PBS_YOLO/images/train/IMG_2831.jpg,4032,3024,2,0.076042,0.539153,0.152083,0.237368
/content/RV-PBS_YOLO/images/train/IMG_2831.jpg,4032,3024,2,0.674376,0.500613,0.204209,0.254203
/content/RV-PBS_YOLO/images/train/IMG_2831.jpg,4032,3024,2,0.458408,0.253621,0.204216,0.263856
/content/RV-PBS_YOLO/images/train/IMG_2509.jpg,4032,3024,6,0.693976,0.422702,0.226949,0.271429
/content/RV-PBS_YOLO/images/train/IMG_4123.jpg,4032,3024,8,0.575242,0.436948,0.261773,0.327328
/content/RV-PBS_YOLO/images/train/IMG_3152.jpg,4032,3024,0,0.163017,0.812535,0.195181,0.281928
/content/RV-PBS_YOLO/images/train/IMG_3538.jpg,4032,3024,2,0.845945,0.309825,0.172743,0.216872
/content/RV-PBS_YOLO/images/train/IMG_3538.jpg,4032,3024,2,0.412194,0.327927,0.155126,0.230655
/content/RV-PBS_YOLO/images/train/IMG_3538.jpg,4032,3024,2,0.502097,0.611731,0.175702,0.20917
/content/RV-PBS_YOLO/images/train/IMG_3538.jpg,4032,3024,2,0.095346,0.729031,0.171937,0.235112
/content/RV-PBS_YOLO/images/train/IMG_3538.jpg,4032,3024,2,0.527671,0.213181,0.173447,0.211495
/content/RV-PBS_YOLO/images/train/IMG_3538.jpg,4032,3024,2,0.542494,0.414223,0.155136,0.194054
/content/RV-PBS_YOLO/images/train/IMG_3854.jpg,4032,3024,4,0.556484,0.691085,0.191396,0.274696
/content/RV-PBS_YOLO/images/train/IMG_3612.jpg,4032,3024,4,0.605322,0.523881,0.15374,0.217536
/content/RV-PBS_YOLO/images/train/IMG_3039.jpg,4032,3024,5,0.631901,0.467483,0.225905,0.293962
/content/RV-PBS_YOLO/images/train/IMG_3568.jpg,4032,3024,8,0.541492,0.628439,0.247517,0.315476
/content/RV-PBS_YOLO/images/train/IMG_3024.jpg,4032,3024,0,0.62512,0.481933,0.194288,0.231326
/content/RV-PBS_YOLO/images/train/IMG_3019.jpg,4032,3024,7,0.831369,0.465994,0.271915,0.313185
/content/RV-PBS_YOLO/images/train/IMG_3896.jpg,4032,3024,8,0.49344,0.53163,0.195015,0.230522
/content/RV-PBS_YOLO/images/train/IMG_3461.jpg,4032,3024,4,0.605637,0.236901,0.207078,0.272758
/content/RV-PBS_YOLO/images/train/IMG_3035.jpg,4032,3024,6,0.418648,0.725909,0.256627,0.331323
/content/RV-PBS_YOLO/images/train/IMG_2661.jpg,4032,3024,4,0.559514,0.570316,0.254142,0.30204
/content/RV-PBS_YOLO/images/train/IMG_2740.jpg,4032,3024,6,0.488507,0.726186,0.198695,0.301875
/content/RV-PBS_YOLO/images/train/IMG_2706.jpg,4032,3024,6,0.621393,0.572993,0.160082,0.177368
/content/RV-PBS_YOLO/images/train/IMG_4171.jpg,4032,3024,2,0.355534,0.710908,0.258326,0.263747
/content/RV-PBS_YOLO/images/train/IMG_4171.jpg,4032,3024,2,0.331257,0.455347,0.236473,0.275159
/content/RV-PBS_YOLO/images/train/IMG_3724.jpg,4032,3024,5,0.431295,0.526809,0.287609,0.379015
/content/RV-PBS_YOLO/images/train/IMG_3037.jpg,4032,3024,4,0.702381,0.474706,0.195188,0.272288
/content/RV-PBS_YOLO/images/train/IMG_3460.jpg,4032,3024,4,0.505795,0.18879,0.178852,0.220899
/content/RV-PBS_YOLO/images/train/IMG_3528.jpg,4032,3024,7,0.608271,0.73372,0.289906,0.394577
/content/RV-PBS_YOLO/images/train/IMG_3915.jpg,4032,3024,0,0.872067,0.312131,0.181456,0.240546
/content/RV-PBS_YOLO/images/train/IMG_3021.jpg,4032,3024,8,0.453578,0.483257,0.186322,0.242903
/content/RV-PBS_YOLO/images/train/IMG_3722.jpg,4032,3024,5,0.382302,0.558333,0.315645,0.395767
/content/RV-PBS_YOLO/images/train/IMG_2505.jpg,4032,3024,6,0.46255,0.465217,0.203596,0.284091
/content/RV-PBS_YOLO/images/train/IMG_3007.jpg,4032,3024,8,0.346028,0.594092,0.225007,0.334673
/content/RV-PBS_YOLO/images/train/IMG_2638.jpg,4032,3024,6,0.334283,0.783805,0.197684,0.323925
/content/RV-PBS_YOLO/images/train/IMG_2922.jpg,4032,3024,0,0.642294,0.745187,0.203313,0.29036
/content/RV-PBS_YOLO/images/train/IMG_3045.jpg,4032,3024,7,0.553239,0.352781,0.244102,0.337183
/content/RV-PBS_YOLO/images/train/IMG_2701.jpg,4032,3024,3,0.735817,0.365066,0.202408,0.257831
/content/RV-PBS_YOLO/images/train/IMG_4203.jpg,4032,3024,0,0.777589,0.750518,0.226875,0.292609
/content/RV-PBS_YOLO/images/train/IMG_4217.jpg,4032,3024,8,0.500265,0.148613,0.209311,0.263733
/content/RV-PBS_YOLO/images/train/IMG_4217.jpg,4032,3024,8,0.153704,0.555326,0.223232,0.270513
/content/RV-PBS_YOLO/images/train/IMG_3144.jpg,4032,3024,6,0.597113,0.568079,0.203313,0.251806
/content/RV-PBS_YOLO/images/train/IMG_3537.jpg,4032,3024,2,0.628593,0.765961,0.189824,0.280982
/content/RV-PBS_YOLO/images/train/IMG_3537.jpg,4032,3024,2,0.584453,0.505876,0.21598,0.257454
/content/RV-PBS_YOLO/images/train/IMG_4153.jpg,4032,3024,2,0.604816,0.706946,0.228621,0.321114
/content/RV-PBS_YOLO/images/train/IMG_4153.jpg,4032,3024,2,0.478901,0.542034,0.211096,0.301567
/content/RV-PBS_YOLO/images/train/IMG_4153.jpg,4032,3024,2,0.661622,0.387227,0.198953,0.295982
/content/RV-PBS_YOLO/images/train/IMG_2933.jpg,4032,3024,8,0.710702,0.154993,0.210144,0.267758
/content/RV-PBS_YOLO/images/train/IMG_2933.jpg,4032,3024,8,0.159622,0.454203,0.204908,0.286237
/content/RV-PBS_YOLO/images/train/IMG_2941.jpg,4032,3024,0,0.624218,0.288558,0.163564,0.196362
/content/RV-PBS_YOLO/images/train/IMG_2942.jpg,4032,3024,6,0.269343,0.769765,0.17997,0.22791
/content/RV-PBS_YOLO/images/train/IMG_2942.jpg,4032,3024,6,0.569416,0.299886,0.203316,0.278112
/content/RV-PBS_YOLO/images/train/IMG_2942.jpg,4032,3024,6,0.194552,0.512054,0.173495,0.231323
/content/RV-PBS_YOLO/images/train/IMG_2942.jpg,4032,3024,6,0.099236,0.666453,0.145332,0.189759
/content/RV-PBS_YOLO/images/train/IMG_2749.jpg,4032,3024,6,0.406581,0.280332,0.254,0.289501
/content/RV-PBS_YOLO/images/train/IMG_3524.jpg,4032,3024,0,0.474303,0.486136,0.212803,0.282292
/content/RV-PBS_YOLO/images/train/IMG_3120.jpg,4032,3024,1,0.858712,0.494593,0.215067,0.246991
/content/RV-PBS_YOLO/images/train/IMG_2996.jpg,4032,3024,1,0.276327,0.362654,0.226811,0.346981
/content/RV-PBS_YOLO/images/train/IMG_3533.jpg,4032,3024,1,0.819616,0.683269,0.203318,0.256862
/content/RV-PBS_YOLO/images/train/IMG_3171.jpg,4032,3024,7,0.525706,0.500928,0.21153,0.296161
/content/RV-PBS_YOLO/images/train/IMG_4198.jpg,4032,3024,8,0.569694,0.205002,0.251486,0.327153
/content/RV-PBS_YOLO/images/train/IMG_3416.jpg,4032,3024,6,0.427842,0.526878,0.231131,0.264253
/content/RV-PBS_YOLO/images/train/IMG_3128.jpg,4032,3024,6,0.423559,0.602796,0.182981,0.246987
/content/RV-PBS_YOLO/images/train/IMG_3881.jpg,4032,3024,0,0.507274,0.708515,0.193289,0.247321
/content/RV-PBS_YOLO/images/train/IMG_4211.jpg,4032,3024,8,0.277034,0.613981,0.254415,0.286852
/content/RV-PBS_YOLO/images/train/IMG_2512.jpg,4032,3024,6,0.442258,0.351581,0.222537,0.282288
/content/RV-PBS_YOLO/images/train/IMG_2797.jpg,4032,3024,5,0.528452,0.396496,0.26251,0.356286
/content/RV-PBS_YOLO/images/train/IMG_4172.jpg,4032,3024,2,0.324766,0.232604,0.26963,0.308548
/content/RV-PBS_YOLO/images/train/IMG_4172.jpg,4032,3024,2,0.501632,0.418991,0.259598,0.339729
/content/RV-PBS_YOLO/images/train/IMG_3032.jpg,4032,3024,2,0.437173,0.591572,0.235843,0.380724
/content/RV-PBS_YOLO/images/train/IMG_2511.jpg,4032,3024,6,0.758433,0.449977,0.226637,0.32078
/content/RV-PBS_YOLO/images/train/IMG_2640.jpg,4032,3024,4,0.71503,0.462657,0.195188,0.231326
/content/RV-PBS_YOLO/images/train/IMG_3041.jpg,4032,3024,5,0.416378,0.702067,0.236441,0.301554
/content/RV-PBS_YOLO/images/train/IMG_3496.jpg,4032,3024,2,0.616406,0.489229,0.191295,0.284702
/content/RV-PBS_YOLO/images/train/IMG_2999.jpg,4032,3024,1,0.78145,0.477115,0.239457,0.274699
/content/RV-PBS_YOLO/images/train/IMG_2515.jpg,4032,3024,6,0.55776,0.160896,0.200541,0.288525
/content/RV-PBS_YOLO/images/train/IMG_2522.jpg,4032,3024,6,0.481109,0.743251,0.188284,0.328287
/content/RV-PBS_YOLO/images/train/IMG_2710.jpg,4032,3024,5,0.45036,0.557014,0.22686,0.298194
/content/RV-PBS_YOLO/images/train/IMG_2544.jpg,4032,3024,3,0.354798,0.505124,0.27661,0.362563
/content/RV-PBS_YOLO/images/train/IMG_2549.jpg,4032,3024,3,0.370061,0.514413,0.241064,0.312887
/content/RV-PBS_YOLO/images/train/IMG_3912.jpg,4032,3024,9,0.701771,0.576926,0.199549,0.255188
/content/RV-PBS_YOLO/images/train/IMG_2660.jpg,4032,3024,6,0.866637,0.519836,0.211845,0.28751
/content/RV-PBS_YOLO/images/train/IMG_2660.jpg,4032,3024,6,0.277129,0.703952,0.20903,0.31879
/content/RV-PBS_YOLO/images/train/IMG_3435.jpg,4032,3024,6,0.617716,0.619744,0.178318,0.226584
/content/RV-PBS_YOLO/images/train/IMG_2519.jpg,4032,3024,6,0.810015,0.177083,0.196042,0.271759
/content/RV-PBS_YOLO/images/train/IMG_2519.jpg,4032,3024,6,0.448683,0.856903,0.204544,0.272728
/content/RV-PBS_YOLO/images/train/IMG_3977.jpg,4032,3024,8,0.395683,0.497596,0.229561,0.273313
/content/RV-PBS_YOLO/images/train/IMG_2923.jpg,4032,3024,7,0.28174,0.568089,0.221937,0.286706
/content/RV-PBS_YOLO/images/train/IMG_3425.jpg,4032,3024,4,0.304179,0.234383,0.210739,0.255175
/content/RV-PBS_YOLO/images/train/IMG_2514.jpg,4032,3024,6,0.305314,0.801969,0.186481,0.259289
/content/RV-PBS_YOLO/images/train/IMG_2745.jpg,4032,3024,5,0.271812,0.452414,0.273797,0.314458
/content/RV-PBS_YOLO/images/train/IMG_3973.jpg,4032,3024,8,0.850103,0.395096,0.241064,0.297705
/content/RV-PBS_YOLO/images/train/IMG_3148.jpg,4032,3024,2,0.626926,0.692771,0.181615,0.245794
/content/RV-PBS_YOLO/images/train/psb_2_slide_10.png,3302,2476,2,0.46657,0.551856,0.211402,0.281926
/content/RV-PBS_YOLO/images/train/IMG_3919.jpg,4032,3024,8,0.492476,0.515794,0.219105,0.284471
/content/RV-PBS_YOLO/images/train/IMG_2789.jpg,4032,3024,1,0.728136,0.467472,0.221386,0.262655
/content/RV-PBS_YOLO/images/train/IMG_2789.jpg,4032,3024,1,0.472411,0.465676,0.210536,0.381941
/content/RV-PBS_YOLO/images/train/IMG_3465.jpg,4032,3024,4,0.25078,0.364497,0.178842,0.183228
/content/RV-PBS_YOLO/images/train/IMG_2754.jpg,4032,3024,4,0.672939,0.213077,0.164936,0.211141
/content/RV-PBS_YOLO/images/train/IMG_2993.jpg,4032,3024,1,0.841535,0.275308,0.218686,0.314458
/content/RV-PBS_YOLO/images/train/IMG_3456.jpg,4032,3024,3,0.757965,0.462594,0.282378,0.351405
/content/RV-PBS_YOLO/images/train/IMG_3893.jpg,4032,3024,9,0.488765,0.504916,0.164732,0.220327
/content/RV-PBS_YOLO/images/train/IMG_3097.jpg,4032,3024,2,0.368047,0.556019,0.290965,0.372288
/content/RV-PBS_YOLO/images/train/IMG_3405.jpg,4032,3024,5,0.65816,0.640347,0.277728,0.374497
/content/RV-PBS_YOLO/images/train/IMG_2798.jpg,4032,3024,2,0.411869,0.266276,0.239462,0.313241
/content/RV-PBS_YOLO/images/train/IMG_3020.jpg,4032,3024,0,0.495456,0.500608,0.171687,0.251806
/content/RV-PBS_YOLO/images/train/IMG_3721.jpg,4032,3024,5,0.595724,0.696842,0.273591,0.39494
/content/RV-PBS_YOLO/images/train/IMG_3160.jpg,4032,3024,6,0.238378,0.33374,0.205119,0.298796
/content/RV-PBS_YOLO/images/train/IMG_3160.jpg,4032,3024,6,0.251481,0.831926,0.213254,0.290374
/content/RV-PBS_YOLO/images/train/IMG_3505.jpg,4032,3024,1,0.876282,0.540531,0.195784,0.269408
/content/RV-PBS_YOLO/images/train/IMG_3107.jpg,4032,3024,6,0.595089,0.675288,0.199554,0.285139
/content/RV-PBS_YOLO/images/train/IMG_3845.jpg,4032,3024,3,0.287437,0.314921,0.234794,0.301905
/content/RV-PBS_YOLO/images/train/IMG_3544.jpg,4032,3024,2,0.112413,0.38934,0.173189,0.207827
/content/RV-PBS_YOLO/images/train/IMG_3544.jpg,4032,3024,2,0.590427,0.584028,0.190526,0.237963
/content/RV-PBS_YOLO/images/train/IMG_3544.jpg,4032,3024,2,0.702397,0.735233,0.198048,0.214845
/content/RV-PBS_YOLO/images/train/IMG_3544.jpg,4032,3024,2,0.703999,0.188649,0.175181,0.209177
/content/RV-PBS_YOLO/images/train/IMG_3544.jpg,4032,3024,2,0.302018,0.549883,0.303455,0.252014
/content/RV-PBS_YOLO/images/train/IMG_3544.jpg,4032,3024,2,0.320336,0.088724,0.166024,0.177447
/content/RV-PBS_YOLO/images/train/IMG_3544.jpg,4032,3024,2,0.737066,0.909226,0.188914,0.181548
/content/RV-PBS_YOLO/images/train/IMG_3544.jpg,4032,3024,2,0.711963,0.456134,0.178916,0.200298
/content/RV-PBS_YOLO/images/train/IMG_3449.jpg,4032,3024,3,0.606601,0.375306,0.30723,0.360241
/content/RV-PBS_YOLO/images/train/IMG_3013.jpg,4032,3024,8,0.58652,0.509094,0.257465,0.347817
/content/RV-PBS_YOLO/images/train/IMG_3420.jpg,4032,3024,4,0.379733,0.535595,0.24222,0.284471
/content/RV-PBS_YOLO/images/train/IMG_3458.jpg,4032,3024,6,0.561271,0.696488,0.2372,0.353082
/content/RV-PBS_YOLO/images/train/IMG_2924.jpg,4032,3024,6,0.702395,0.83713,0.202552,0.274087
/content/RV-PBS_YOLO/images/train/IMG_2924.jpg,4032,3024,6,0.487324,0.323499,0.213254,0.278313
/content/RV-PBS_YOLO/images/train/IMG_2924.jpg,4032,3024,6,0.332806,0.432536,0.200603,0.272288
/content/RV-PBS_YOLO/images/train/IMG_2926.jpg,4032,3024,9,0.84904,0.406028,0.171146,0.221687
/content/RV-PBS_YOLO/images/train/IMG_2926.jpg,4032,3024,9,0.754043,0.811288,0.191915,0.262874
/content/RV-PBS_YOLO/images/train/IMG_3488.jpg,4032,3024,9,0.70168,0.7088,0.217884,0.24752
/content/RV-PBS_YOLO/images/train/IMG_4227.jpg,4032,3024,8,0.598073,0.273208,0.248661,0.342097
/content/RV-PBS_YOLO/images/train/IMG_3598.jpg,4032,3024,3,0.653704,0.480122,0.262299,0.301204
/content/RV-PBS_YOLO/images/train/IMG_4232.jpg,4032,3024,8,0.271761,0.370488,0.209554,0.264937
/content/RV-PBS_YOLO/images/train/IMG_2932.jpg,4032,3024,0,0.654041,0.789163,0.179819,0.248194
/content/RV-PBS_YOLO/images/train/IMG_3158.jpg,4032,3024,1,0.402388,0.348198,0.218686,0.267493
/content/RV-PBS_YOLO/images/train/IMG_3586.jpg,4032,3024,4,0.652228,0.693937,0.186684,0.252397
/content/RV-PBS_YOLO/images/train/IMG_2502.jpg,4032,3024,6,0.35534,0.721351,0.19751,0.269659
/content/RV-PBS_YOLO/images/train/IMG_3647.jpg,4032,3024,2,0.48387,0.556971,0.308713,0.288479
/content/RV-PBS_YOLO/images/train/IMG_3647.jpg,4032,3024,2,0.306148,0.334344,0.221384,0.338555
/content/RV-PBS_YOLO/images/train/IMG_3006.jpg,4032,3024,7,0.421525,0.499537,0.273343,0.423545
/content/RV-PBS_YOLO/images/train/IMG_2937.jpg,4032,3024,8,0.851595,0.495117,0.220005,0.291313
/content/RV-PBS_YOLO/images/train/IMG_4132.jpg,4032,3024,8,0.694374,0.70505,0.230012,0.31045
/content/RV-PBS_YOLO/images/train/IMG_2521.jpg,4032,3024,6,0.663011,0.19602,0.179435,0.29499
/content/RV-PBS_YOLO/images/train/IMG_2521.jpg,4032,3024,6,0.407192,0.678963,0.185665,0.267556
/content/RV-PBS_YOLO/images/train/IMG_3984.jpg,4032,3024,8,0.879807,0.693309,0.200278,0.31794
/content/RV-PBS_YOLO/images/train/IMG_2674.jpg,4032,3024,6,0.446298,0.493519,0.178534,0.243122
/content/RV-PBS_YOLO/images/train/IMG_3650.jpg,4032,3024,2,0.694679,0.333753,0.229541,0.331726
/content/RV-PBS_YOLO/images/train/IMG_3650.jpg,4032,3024,2,0.829477,0.484428,0.219618,0.266065
/content/RV-PBS_YOLO/images/train/IMG_3115.jpg,4032,3024,0,0.774086,0.485069,0.21536,0.267758
/content/RV-PBS_YOLO/images/train/IMG_3890.jpg,4032,3024,0,0.781776,0.737903,0.189127,0.26496
/content/RV-PBS_YOLO/images/train/IMG_3462.jpg,4032,3024,6,0.460306,0.58963,0.206555,0.286448
/content/RV-PBS_YOLO/images/train/IMG_3479.jpg,4032,3024,0,0.734025,0.592154,0.215238,0.293674
/content/RV-PBS_YOLO/images/train/IMG_3106.jpg,4032,3024,3,0.67392,0.4488,0.179819,0.263856
/content/RV-PBS_YOLO/images/train/IMG_3620.jpg,4032,3024,5,0.635797,0.733846,0.230077,0.311409
/content/RV-PBS_YOLO/images/train/IMG_3980.jpg,4032,3024,8,0.141062,0.448676,0.271483,0.286438
/content/RV-PBS_YOLO/images/train/IMG_3103.jpg,4032,3024,6,0.497956,0.631311,0.200303,0.243978
/content/RV-PBS_YOLO/images/train/IMG_3175.jpg,4032,3024,7,0.558259,0.423968,0.220675,0.292143
/content/RV-PBS_YOLO/images/train/IMG_2545.jpg,4032,3024,3,0.29778,0.362903,0.277986,0.348896
/content/RV-PBS_YOLO/images/train/IMG_2925.jpg,4032,3024,6,0.175577,0.462655,0.215062,0.27711
/content/RV-PBS_YOLO/images/train/IMG_2925.jpg,4032,3024,6,0.491842,0.867477,0.20783,0.265046
/content/RV-PBS_YOLO/images/train/IMG_3111.jpg,4032,3024,0,0.508504,0.777852,0.19688,0.259309
/content/RV-PBS_YOLO/images/train/IMG_3034.jpg,4032,3024,4,0.588077,0.687955,0.212349,0.248198
/content/RV-PBS_YOLO/images/train/psb_2_slide_1.png,4032,3024,5,0.441952,0.550298,0.283457,0.359656
/content/RV-PBS_YOLO/images/train/IMG_3882.jpg,4032,3024,9,0.64266,0.422226,0.171937,0.226739
/content/RV-PBS_YOLO/images/train/IMG_3610.jpg,4032,3024,4,0.665689,0.583036,0.144325,0.215026
/content/RV-PBS_YOLO/images/train/IMG_4162.jpg,4032,3024,2,0.720972,0.406577,0.251305,0.363558
/content/RV-PBS_YOLO/images/train/IMG_2747.jpg,4032,3024,6,0.802331,0.703388,0.228849,0.278833
/content/RV-PBS_YOLO/images/train/IMG_2934.jpg,4032,3024,0,0.254643,0.272897,0.170784,0.227712
/content/RV-PBS_YOLO/images/train/IMG_2934.jpg,4032,3024,0,0.390185,0.840969,0.190662,0.250602
/content/RV-PBS_YOLO/images/train/IMG_3053.jpg,4032,3024,4,0.579131,0.193254,0.154516,0.204828
/content/RV-PBS_YOLO/images/train/IMG_3658.jpg,4032,3024,2,0.506374,0.836865,0.191865,0.27664
/content/RV-PBS_YOLO/images/train/IMG_3658.jpg,4032,3024,2,0.563028,0.196961,0.214598,0.265615
/content/RV-PBS_YOLO/images/train/IMG_3658.jpg,4032,3024,2,0.736329,0.306382,0.240119,0.256283
/content/RV-PBS_YOLO/images/train/IMG_3658.jpg,4032,3024,2,0.791913,0.113972,0.25908,0.175694
/content/RV-PBS_YOLO/images/train/IMG_3051.jpg,4032,3024,5,0.436721,0.422298,0.290962,0.374689
/content/RV-PBS_YOLO/images/train/IMG_3176.jpg,4032,3024,7,0.601997,0.468208,0.224241,0.250165
/content/RV-PBS_YOLO/images/train/IMG_3094.jpg,4032,3024,6,0.616541,0.59338,0.200603,0.266263
/content/RV-PBS_YOLO/images/train/IMG_4110.jpg,4032,3024,8,0.413588,0.40692,0.333008,0.425784
/content/RV-PBS_YOLO/images/train/IMG_2518.jpg,4032,3024,6,0.273904,0.48318,0.182847,0.256782
/content/RV-PBS_YOLO/images/train/IMG_3043.jpg,4032,3024,5,0.281839,0.589645,0.213852,0.281128
/content/RV-PBS_YOLO/images/train/IMG_2685.jpg,4032,3024,3,0.78798,0.323915,0.309571,0.403003
/content/RV-PBS_YOLO/images/train/IMG_3014.jpg,4032,3024,0,0.482805,0.739772,0.224097,0.349385
/content/RV-PBS_YOLO/images/train/IMG_3139.jpg,4032,3024,6,0.394704,0.490971,0.188857,0.261445
/content/RV-PBS_YOLO/images/train/IMG_3838.jpg,4032,3024,4,0.774803,0.707695,0.185637,0.274246
/content/RV-PBS_YOLO/images/train/IMG_2800.jpg,4032,3024,2,0.370853,0.581212,0.233145,0.281928
/content/RV-PBS_YOLO/images/train/IMG_3901.jpg,4032,3024,8,0.632088,0.27541,0.196533,0.36256
/content/RV-PBS_YOLO/images/train/IMG_3619.jpg,4032,3024,4,0.63356,0.432264,0.201431,0.273595
/content/RV-PBS_YOLO/images/train/IMG_3450.jpg,4032,3024,4,0.670337,0.46774,0.236954,0.20331
/content/RV-PBS_YOLO/images/train/IMG_3149.jpg,4032,3024,7,0.381866,0.378884,0.24661,0.30204
/content/RV-PBS_YOLO/images/train/IMG_2833.jpg,4032,3024,2,0.264131,0.133138,0.177111,0.249398
/content/RV-PBS_YOLO/images/train/IMG_2833.jpg,4032,3024,2,0.657204,0.648198,0.186143,0.26506
/content/RV-PBS_YOLO/images/train/IMG_2833.jpg,4032,3024,2,0.285817,0.463856,0.15723,0.221693
/content/RV-PBS_YOLO/images/train/IMG_2833.jpg,4032,3024,2,0.482515,0.806028,0.15124,0.2
/content/RV-PBS_YOLO/images/train/IMG_2833.jpg,4032,3024,2,0.35404,0.681331,0.201508,0.230122
/content/RV-PBS_YOLO/images/train/IMG_2833.jpg,4032,3024,2,0.812624,0.703018,0.166265,0.225301
/content/RV-PBS_YOLO/images/train/IMG_3874.jpg,4032,3024,8,0.837772,0.595043,0.23401,0.303433
/content/RV-PBS_YOLO/images/train/IMG_3428.jpg,4032,3024,6,0.438434,0.451281,0.220503,0.304448
/content/RV-PBS_YOLO/images/train/IMG_4236.jpg,4032,3024,8,0.792406,0.614038,0.239623,0.311455
/content/RV-PBS_YOLO/images/train/IMG_4236.jpg,4032,3024,8,0.699102,0.335999,0.178224,0.261501
/content/RV-PBS_YOLO/images/train/IMG_3599.jpg,4032,3024,3,0.422743,0.554884,0.240546,0.345132
/content/RV-PBS_YOLO/images/train/IMG_3986.jpg,4032,3024,8,0.848431,0.514886,0.249958,0.357682
/content/RV-PBS_YOLO/images/train/IMG_3133.jpg,4032,3024,1,0.789582,0.493988,0.196084,0.257817
/content/RV-PBS_YOLO/images/train/IMG_4250.jpg,4032,3024,0,0.287119,0.511048,0.173063,0.226389
/content/RV-PBS_YOLO/images/train/IMG_3530.jpg,4032,3024,7,0.25078,0.596253,0.24661,0.335509
/content/RV-PBS_YOLO/images/train/IMG_3129.jpg,4032,3024,9,0.395155,0.209646,0.224095,0.318075
/content/RV-PBS_YOLO/images/train/IMG_3584.jpg,4032,3024,4,0.513528,0.498204,0.191565,0.393962
/content/RV-PBS_YOLO/images/train/IMG_3614.jpg,4032,3024,8,0.696364,0.472419,0.270352,0.33538
/content/RV-PBS_YOLO/images/train/IMG_4234.jpg,4032,3024,0,0.63047,0.470648,0.183767,0.249213
/content/RV-PBS_YOLO/images/train/IMG_3988.jpg,4032,3024,0,0.453988,0.482955,0.219628,0.296326
/content/RV-PBS_YOLO/images/train/IMG_3534.jpg,4032,3024,1,0.595476,0.450595,0.19755,0.257804
/content/RV-PBS_YOLO/images/train/IMG_3534.jpg,4032,3024,1,0.392892,0.791605,0.206617,0.303588
/content/RV-PBS_YOLO/images/train/IMG_4140.jpg,4032,3024,8,0.374957,0.478843,0.23849,0.296885
/content/RV-PBS_YOLO/images/train/IMG_2517.jpg,4032,3024,6,0.832577,0.583118,0.216592,0.295403
/content/RV-PBS_YOLO/images/train/IMG_4169.jpg,4032,3024,2,0.232219,0.201424,0.228619,0.279229
/content/RV-PBS_YOLO/images/train/IMG_4169.jpg,4032,3024,2,0.550409,0.611019,0.194152,0.301336
/content/RV-PBS_YOLO/images/train/IMG_4169.jpg,4032,3024,2,0.36817,0.090096,0.203313,0.180192
/content/RV-PBS_YOLO/images/train/IMG_2739.jpg,4032,3024,5,0.480557,0.716348,0.278624,0.384547
/content/RV-PBS_YOLO/images/train/IMG_2750.jpg,4032,3024,5,0.643646,0.370488,0.253016,0.350605
/content/RV-PBS_YOLO/images/train/IMG_2641.jpg,4032,3024,4,0.685962,0.670719,0.228423,0.275268
/content/RV-PBS_YOLO/images/train/IMG_2507.jpg,4032,3024,6,0.325169,0.571405,0.212063,0.293505
/content/RV-PBS_YOLO/images/train/IMG_2525.jpg,4032,3024,6,0.388878,0.627103,0.211376,0.287097
/content/RV-PBS_YOLO/images/train/IMG_3717.jpg,4032,3024,5,0.618578,0.493469,0.294144,0.359656
/content/RV-PBS_YOLO/images/train/IMG_2657.jpg,4032,3024,6,0.505887,0.364808,0.175206,0.268056
/content/RV-PBS_YOLO/images/train/IMG_3540.jpg,4032,3024,2,0.605637,0.26918,0.179886,0.24828
/content/RV-PBS_YOLO/images/train/IMG_3540.jpg,4032,3024,2,0.717354,0.420271,0.171404,0.250926
/content/RV-PBS_YOLO/images/train/IMG_3157.jpg,4032,3024,9,0.295305,0.436756,0.234038,0.31207
/content/RV-PBS_YOLO/images/train/IMG_3016.jpg,4032,3024,8,0.423543,0.656227,0.197681,0.27744
/content/RV-PBS_YOLO/images/train/IMG_3588.jpg,4032,3024,3,0.490051,0.542953,0.240211,0.282136
/content/RV-PBS_YOLO/images/train/IMG_3011.jpg,4032,3024,8,0.569551,0.162505,0.240015,0.310969
/content/RV-PBS_YOLO/images/train/IMG_3497.jpg,4032,3024,7,0.478875,0.72085,0.236372,0.318638
/content/RV-PBS_YOLO/images/train/IMG_3880.jpg,4032,3024,0,0.523431,0.584613,0.160702,0.202956
/content/RV-PBS_YOLO/images/train/IMG_3981.jpg,4032,3024,8,0.643026,0.409039,0.2144,0.316558
/content/RV-PBS_YOLO/images/train/IMG_4157.jpg,4032,3024,2,0.378628,0.728001,0.269906,0.375956
/content/RV-PBS_YOLO/images/train/IMG_4157.jpg,4032,3024,2,0.466505,0.479547,0.235223,0.285886
/content/RV-PBS_YOLO/images/train/IMG_4157.jpg,4032,3024,2,0.217712,0.091402,0.213509,0.182804
/content/RV-PBS_YOLO/images/train/IMG_3504.jpg,4032,3024,9,0.630162,0.580769,0.215444,0.30122
/content/RV-PBS_YOLO/images/train/IMG_3592.jpg,4032,3024,3,0.575139,0.630809,0.226657,0.305222
/content/RV-PBS_YOLO/images/train/IMG_2829.jpg,4032,3024,2,0.640939,0.842174,0.189759,0.250605
/content/RV-PBS_YOLO/images/train/IMG_2829.jpg,4032,3024,2,0.345005,0.218681,0.235843,0.285542
/content/RV-PBS_YOLO/images/train/IMG_3143.jpg,4032,3024,1,0.387463,0.654831,0.210541,0.292784
/content/RV-PBS_YOLO/images/train/IMG_3833.jpg,4032,3024,4,0.604356,0.651893,0.1747,0.262047
/content/RV-PBS_YOLO/images/train/IMG_3112.jpg,4032,3024,8,0.526632,0.815063,0.215962,0.297586
/content/RV-PBS_YOLO/images/train/IMG_3720.jpg,4032,3024,5,0.844663,0.573733,0.269732,0.345827
/content/RV-PBS_YOLO/images/train/IMG_3868.jpg,4032,3024,8,0.232011,0.570805,0.227465,0.286564
/content/RV-PBS_YOLO/images/train/IMG_3501.jpg,4032,3024,5,0.579417,0.601438,0.195888,0.261872
/content/RV-PBS_YOLO/images/train/IMG_2765.jpg,4032,3024,6,0.569535,0.567356,0.214194,0.325427
/content/RV-PBS_YOLO/images/train/IMG_3515.jpg,4032,3024,1,0.751219,0.473681,0.254769,0.302877
/content/RV-PBS_YOLO/images/train/IMG_4158.jpg,4032,3024,2,0.433037,0.510675,0.228688,0.282526
/content/RV-PBS_YOLO/images/train/IMG_3543.jpg,4032,3024,2,0.725877,0.308439,0.233132,0.26506
/content/RV-PBS_YOLO/images/train/IMG_3543.jpg,4032,3024,2,0.821943,0.45835,0.208395,0.262467
/content/RV-PBS_YOLO/images/train/IMG_3543.jpg,4032,3024,2,0.415939,0.51687,0.198792,0.238548
/content/RV-PBS_YOLO/images/train/IMG_3151.jpg,4032,3024,7,0.114325,0.453302,0.220804,0.272113
/content/RV-PBS_YOLO/images/train/IMG_2559.jpg,4032,3024,3,0.405562,0.663834,0.206327,0.255003
/content/RV-PBS_YOLO/images/train/IMG_2557.jpg,4032,3024,3,0.597917,0.382275,0.233433,0.30496
/content/RV-PBS_YOLO/images/train/IMG_2557.jpg,4032,3024,3,0.181181,0.66374,0.232946,0.307229
/content/RV-PBS_YOLO/images/train/IMG_3056.jpg,4032,3024,1,0.685666,0.554826,0.168976,0.23253
/content/RV-PBS_YOLO/images/train/IMG_2736.jpg,4032,3024,4,0.624541,0.188386,0.171602,0.204974
/content/RV-PBS_YOLO/images/train/IMG_3038.jpg,4032,3024,6,0.355396,0.423499,0.253013,0.343373
/content/RV-PBS_YOLO/images/train/psb_2_slide_5.png,3302,2476,4,0.52146,0.505424,0.130182,0.202197
/content/RV-PBS_YOLO/images/train/IMG_3050.jpg,4032,3024,9,0.588526,0.344583,0.22591,0.313254
/content/RV-PBS_YOLO/images/train/IMG_3155.jpg,4032,3024,8,0.41865,0.363861,0.200603,0.286749
/content/RV-PBS_YOLO/images/train/IMG_3409.jpg,4032,3024,5,0.586806,0.564527,0.258333,0.368829
/content/RV-PBS_YOLO/images/train/IMG_3140.jpg,4032,3024,1,0.418647,0.542784,0.184333,0.244563
/content/RV-PBS_YOLO/images/train/IMG_3417.jpg,4032,3024,6,0.532815,0.705486,0.233477,0.309107
/content/RV-PBS_YOLO/images/train/IMG_2834.jpg,4032,3024,2,0.405094,0.66205,0.193373,0.251812
/content/RV-PBS_YOLO/images/train/IMG_2834.jpg,4032,3024,2,0.649071,0.847596,0.1753,0.244577
/content/RV-PBS_YOLO/images/train/IMG_2834.jpg,4032,3024,2,0.16247,0.750007,0.194286,0.237354
/content/RV-PBS_YOLO/images/train/IMG_2834.jpg,4032,3024,2,0.808108,0.324102,0.187951,0.248191
/content/RV-PBS_YOLO/images/train/IMG_2689.jpg,4032,3024,3,0.351491,0.191635,0.258527,0.334673
/content/RV-PBS_YOLO/images/train/IMG_2689.jpg,4032,3024,3,0.748077,0.661442,0.269819,0.330489
/content/RV-PBS_YOLO/images/train/IMG_2921.jpg,4032,3024,8,0.3563,0.601149,0.196989,0.250479
/content/RV-PBS_YOLO/images/train/IMG_2687.jpg,4032,3024,3,0.848093,0.277396,0.303814,0.387384
/content/RV-PBS_YOLO/images/train/IMG_3518.jpg,4032,3024,7,0.759185,0.637472,0.227612,0.323356
/content/RV-PBS_YOLO/images/train/IMG_3015.jpg,4032,3024,8,0.21224,0.610847,0.208606,0.288095
/content/RV-PBS_YOLO/images/train/IMG_3015.jpg,4032,3024,8,0.24248,0.368758,0.206736,0.25921
/content/RV-PBS_YOLO/images/train/IMG_3015.jpg,4032,3024,8,0.429312,0.464897,0.245975,0.317097
/content/RV-PBS_YOLO/images/train/IMG_3015.jpg,4032,3024,8,0.378028,0.726108,0.221215,0.267229
/content/RV-PBS_YOLO/images/train/IMG_3001.jpg,4032,3024,7,0.480449,0.526806,0.240337,0.32213
/content/RV-PBS_YOLO/images/train/IMG_3033.jpg,4032,3024,5,0.484204,0.457176,0.234122,0.287302
/content/RV-PBS_YOLO/images/train/IMG_3611.jpg,4032,3024,4,0.642346,0.495015,0.192644,0.246822
/content/RV-PBS_YOLO/images/train/IMG_3096.jpg,4032,3024,6,0.554277,0.476592,0.201064,0.268072
/content/RV-PBS_YOLO/images/train/IMG_3096.jpg,4032,3024,6,0.462414,0.708532,0.228162,0.27209
/content/RV-PBS_YOLO/images/train/IMG_4166.jpg,4032,3024,2,0.38153,0.289911,0.212088,0.251276
/content/RV-PBS_YOLO/images/train/IMG_4166.jpg,4032,3024,2,0.444462,0.638302,0.194182,0.333912
/content/RV-PBS_YOLO/images/train/IMG_4166.jpg,4032,3024,2,0.259782,0.61288,0.236126,0.349901
/content/RV-PBS_YOLO/images/train/IMG_2527.jpg,4032,3024,6,0.42918,0.354286,0.190523,0.291607
/content/RV-PBS_YOLO/images/train/IMG_2527.jpg,4032,3024,6,0.61361,0.41914,0.183976,0.260437
/content/RV-PBS_YOLO/images/train/IMG_3031.jpg,4032,3024,5,0.534761,0.633138,0.239462,0.348194
/content/RV-PBS_YOLO/images/train/IMG_3583.jpg,4032,3024,5,0.806316,0.556753,0.240211,0.34787
/content/RV-PBS_YOLO/images/train/slide_5.png,4032,3024,7,0.540593,0.501839,0.242574,0.381581
/content/RV-PBS_YOLO/images/train/slide_5.png,4032,3024,7,0.711782,0.521362,0.205107,0.311177
/content/RV-PBS_YOLO/images/train/slide_5.png,4032,3024,7,0.391019,0.395476,0.234881,0.292672
/content/RV-PBS_YOLO/images/train/slide_5.png,4032,3024,7,0.7001,0.792846,0.329363,0.263337
/content/RV-PBS_YOLO/images/train/slide_5.png,4032,3024,7,0.420534,0.723512,0.315474,0.325728
/content/RV-PBS_YOLO/images/train/IMG_3104.jpg,4032,3024,6,0.255177,0.470752,0.185107,0.238456
/content/RV-PBS_YOLO/images/train/IMG_2704.jpg,4032,3024,3,0.6563,0.359645,0.191567,0.237351
/content/RV-PBS_YOLO/images/train/IMG_2704.jpg,4032,3024,3,0.367143,0.594585,0.206022,0.275903
/content/RV-PBS_YOLO/images/train/IMG_3008.jpg,4032,3024,0,0.184162,0.7729,0.214157,0.297586
/content/RV-PBS_YOLO/images/train/IMG_3404.jpg,4032,3024,5,0.693929,0.51756,0.313631,0.412698
/content/RV-PBS_YOLO/images/train/IMG_2783.jpg,4032,3024,1,0.583565,0.678323,0.172602,0.281911
/content/RV-PBS_YOLO/images/train/IMG_3873.jpg,4032,3024,9,0.72417,0.664463,0.20221,0.280724
/content/RV-PBS_YOLO/images/train/IMG_3457.jpg,4032,3024,4,0.295647,0.717822,0.1688,0.225903
/content/RV-PBS_YOLO/images/train/IMG_3613.jpg,4032,3024,5,0.552927,0.472176,0.239459,0.291164
/content/RV-PBS_YOLO/images/train/IMG_3974.jpg,4032,3024,0,0.803982,0.505964,0.199234,0.313052
/content/RV-PBS_YOLO/images/train/IMG_2543.jpg,4032,3024,3,0.294105,0.745519,0.256235,0.324795
/content/RV-PBS_YOLO/images/train/IMG_2543.jpg,4032,3024,3,0.154206,0.393861,0.250754,0.325301
/content/RV-PBS_YOLO/images/train/IMG_2543.jpg,4032,3024,3,0.840996,0.609559,0.25972,0.330605
/content/RV-PBS_YOLO/images/train/IMG_3899.jpg,4032,3024,0,0.231651,0.707634,0.219437,0.289692
/content/RV-PBS_YOLO/images/train/IMG_2709.jpg,4032,3024,3,0.565486,0.550608,0.210541,0.248194
/content/RV-PBS_YOLO/images/train/IMG_2709.jpg,4032,3024,3,0.498619,0.319884,0.228616,0.278313
/content/RV-PBS_YOLO/images/train/IMG_3101.jpg,4032,3024,7,0.246388,0.619269,0.219,0.289504
/content/RV-PBS_YOLO/images/train/IMG_3101.jpg,4032,3024,7,0.550162,0.59213,0.189125,0.274802
/content/RV-PBS_YOLO/images/train/IMG_4136.jpg,4032,3024,8,0.569838,0.586605,0.237304,0.329428
/content/RV-PBS_YOLO/images/train/IMG_2516.jpg,4032,3024,6,0.756957,0.575721,0.220412,0.309934
/content/RV-PBS_YOLO/images/train/IMG_2919.jpg,4032,3024,0,0.148467,0.613261,0.198795,0.272288
/content/RV-PBS_YOLO/images/train/IMG_3594.jpg,4032,3024,3,0.384312,0.522898,0.24217,0.296386
/content/RV-PBS_YOLO/images/train/IMG_3406.jpg,4032,3024,5,0.51749,0.592655,0.26497,0.343373
/content/RV-PBS_YOLO/images/train/IMG_3603.jpg,4032,3024,3,0.516781,0.533922,0.237951,0.374497
/content/RV-PBS_YOLO/images/train/IMG_3500.jpg,4032,3024,7,0.343651,0.593118,0.215446,0.306091
/content/RV-PBS_YOLO/images/train/IMG_3602.jpg,4032,3024,3,0.251496,0.596572,0.237951,0.285142
/content/RV-PBS_YOLO/images/train/IMG_3454.jpg,4032,3024,4,0.406901,0.555341,0.206024,0.265112
/content/RV-PBS_YOLO/images/train/IMG_2698.jpg,4032,3024,6,0.60871,0.293411,0.180938,0.213442
/content/RV-PBS_YOLO/images/train/psb_2_slide_11.png,3302,2476,4,0.433537,0.528489,0.185609,0.193489
/content/RV-PBS_YOLO/images/train/IMG_2533.jpg,4032,3024,6,0.205402,0.488816,0.19503,0.309643
/content/RV-PBS_YOLO/images/train/IMG_2533.jpg,4032,3024,6,0.864288,0.654474,0.235332,0.274947
/content/RV-PBS_YOLO/images/train/IMG_2828.jpg,4032,3024,2,0.246963,0.85603,0.184338,0.239759
/content/RV-PBS_YOLO/images/train/IMG_2828.jpg,4032,3024,2,0.136721,0.697596,0.187951,0.260238
/content/RV-PBS_YOLO/images/train/IMG_2828.jpg,4032,3024,2,0.80901,0.480726,0.207832,0.250605
/content/RV-PBS_YOLO/images/train/IMG_2828.jpg,4032,3024,2,0.25645,0.160246,0.206927,0.26747
/content/RV-PBS_YOLO/images/train/IMG_3121.jpg,4032,3024,9,0.241541,0.703621,0.216868,0.265046
/content/RV-PBS_YOLO/images/train/IMG_2637.jpg,4032,3024,6,0.451633,0.207293,0.200102,0.273694
/content/RV-PBS_YOLO/images/train/IMG_3036.jpg,4032,3024,5,0.452987,0.625909,0.243976,0.316865
/content/RV-PBS_YOLO/images/train/IMG_2994.jpg,4032,3024,1,0.320605,0.172295,0.2738,0.332533
/content/RV-PBS_YOLO/images/train/IMG_3142.jpg,4032,3024,2,0.476488,0.672295,0.200595,0.253009
/content/RV-PBS_YOLO/images/train/IMG_3453.jpg,4032,3024,4,0.348037,0.454856,0.245345,0.285308
/content/RV-PBS_YOLO/images/train/IMG_3718.jpg,4032,3024,5,0.176625,0.527646,0.257812,0.366071
/content/RV-PBS_YOLO/images/train/IMG_2696.jpg,4032,3024,3,0.443895,0.692194,0.227473,0.298416
/content/RV-PBS_YOLO/images/train/IMG_2696.jpg,4032,3024,3,0.568614,0.459317,0.209172,0.26495
/content/RV-PBS_YOLO/images/train/IMG_2997.jpg,4032,3024,1,0.219402,0.458434,0.226806,0.295169
/content/RV-PBS_YOLO/images/train/IMG_3451.jpg,4032,3024,6,0.825579,0.80375,0.242845,0.316263
/content/RV-PBS_YOLO/images/train/IMG_2936.jpg,4032,3024,8,0.323229,0.394563,0.168963,0.237063
/content/RV-PBS_YOLO/images/train/IMG_3839.jpg,4032,3024,4,0.403888,0.613991,0.203931,0.311243
/content/RV-PBS_YOLO/images/train/IMG_3179.jpg,4032,3024,9,0.296192,0.553626,0.203346,0.271075
/content/RV-PBS_YOLO/images/train/IMG_3843.jpg,4032,3024,4,0.388619,0.495514,0.236354,0.311683
/content/RV-PBS_YOLO/images/train/IMG_3713.jpg,4032,3024,5,0.17925,0.596677,0.295568,0.436739
/content/RV-PBS_YOLO/images/train/IMG_3413.jpg,4032,3024,4,0.497077,0.441329,0.163152,0.241243
/content/RV-PBS_YOLO/images/train/IMG_3114.jpg,4032,3024,0,0.528679,0.322196,0.187532,0.256825
/content/RV-PBS_YOLO/images/train/IMG_2504.jpg,4032,3024,6,0.534835,0.409311,0.206719,0.268019
/content/RV-PBS_YOLO/images/train/IMG_3132.jpg,4032,3024,6,0.6188,0.184945,0.201508,0.261445
/content/RV-PBS_YOLO/images/train/IMG_3132.jpg,4032,3024,6,0.260064,0.548198,0.188854,0.257831
/content/RV-PBS_YOLO/images/train/IMG_3872.jpg,4032,3024,0,0.704993,0.839937,0.204985,0.261462
/content/RV-PBS_YOLO/images/train/IMG_3164.jpg,4032,3024,1,0.627836,0.410238,0.1997,0.26869
/content/RV-PBS_YOLO/images/train/IMG_3900.jpg,4032,3024,8,0.4797,0.408294,0.181324,0.237646
/content/RV-PBS_YOLO/images/train/IMG_2530.jpg,4032,3024,6,0.402625,0.392521,0.216858,0.301147
/content/RV-PBS_YOLO/images/train/IMG_2553.jpg,4032,3024,3,0.486963,0.716753,0.248495,0.3
/content/RV-PBS_YOLO/images/train/IMG_2553.jpg,4032,3024,3,0.390092,0.39545,0.271701,0.322123
/content/RV-PBS_YOLO/images/train/IMG_2553.jpg,4032,3024,3,0.739898,0.481736,0.27192,0.335827
/content/RV-PBS_YOLO/images/train/IMG_3127.jpg,4032,3024,1,0.797263,0.540969,0.168073,0.233737
/content/RV-PBS_YOLO/images/train/IMG_3714.jpg,4032,3024,5,0.584928,0.422219,0.293676,0.365615
/content/RV-PBS_YOLO/images/train/IMG_3985.jpg,4032,3024,8,0.578077,0.467614,0.257587,0.352801
/content/RV-PBS_YOLO/images/train/IMG_2697.jpg,4032,3024,3,0.439707,0.810165,0.225893,0.262857
/content/RV-PBS_YOLO/images/train/IMG_2697.jpg,4032,3024,3,0.707555,0.815031,0.200595,0.287927
/content/RV-PBS_YOLO/images/train/IMG_2697.jpg,4032,3024,3,0.816741,0.551491,0.200804,0.2517
/content/RV-PBS_YOLO/images/train/IMG_3491.jpg,4032,3024,8,0.538281,0.44747,0.199628,0.284954
/content/RV-PBS_YOLO/images/train/IMG_3491.jpg,4032,3024,8,0.423158,0.670374,0.278361,0.329504
/content/RV-PBS_YOLO/images/train/IMG_3582.jpg,4032,3024,3,0.166904,0.671485,0.240022,0.302599
/content/RV-PBS_YOLO/images/train/IMG_3844.jpg,4032,3024,3,0.421848,0.353406,0.315432,0.38287
/content/RV-PBS_YOLO/images/train/IMG_3494.jpg,4032,3024,8,0.565947,0.591485,0.233135,0.305258
/content/RV-PBS_YOLO/images/train/IMG_3877.jpg,4032,3024,9,0.533008,0.577677,0.240283,0.237106
/content/RV-PBS_YOLO/images/train/IMG_3659.jpg,4032,3024,2,0.679198,0.780387,0.269035,0.275589
/content/RV-PBS_YOLO/images/train/IMG_3659.jpg,4032,3024,2,0.544377,0.620632,0.228011,0.295245
/content/RV-PBS_YOLO/images/train/IMG_2738.jpg,4032,3024,5,0.262553,0.67713,0.185211,0.248968
/content/RV-PBS_YOLO/images/train/IMG_2826.jpg,4032,3024,2,0.393353,0.220493,0.200595,0.243366
/content/RV-PBS_YOLO/images/train/IMG_2826.jpg,4032,3024,2,0.595754,0.517477,0.155417,0.24461
/content/RV-PBS_YOLO/images/train/IMG_2826.jpg,4032,3024,2,0.837023,0.834955,0.231327,0.296366
/content/RV-PBS_YOLO/images/train/IMG_2826.jpg,4032,3024,2,0.301628,0.09459,0.181629,0.186733
/content/RV-PBS_YOLO/images/train/IMG_2826.jpg,4032,3024,2,0.323772,0.448194,0.180729,0.226495
/content/RV-PBS_YOLO/images/train/IMG_3978.jpg,4032,3024,8,0.28363,0.309451,0.234645,0.341799
/content/RV-PBS_YOLO/images/train/IMG_2927.jpg,4032,3024,9,0.737106,0.71985,0.205908,0.282768
/content/RV-PBS_YOLO/images/train/IMG_2837.jpg,4032,3024,2,0.531152,0.421085,0.179814,0.246997
/content/RV-PBS_YOLO/images/train/IMG_2837.jpg,4032,3024,2,0.505848,0.712054,0.194276,0.269881
/content/RV-PBS_YOLO/images/train/IMG_2837.jpg,4032,3024,2,0.388378,0.533135,0.226806,0.3
/content/RV-PBS_YOLO/images/train/IMG_3174.jpg,4032,3024,7,0.380176,0.59023,0.244395,0.308429
/content/RV-PBS_YOLO/images/train/IMG_3852.jpg,4032,3024,4,0.331047,0.40375,0.195546,0.271587
/content/RV-PBS_YOLO/images/train/IMG_3514.jpg,4032,3024,7,0.22238,0.549382,0.272537,0.345589
/content/RV-PBS_YOLO/images/train/IMG_3581.jpg,4032,3024,3,0.590216,0.615777,0.247346,0.266343
/content/RV-PBS_YOLO/images/train/IMG_3875.jpg,4032,3024,0,0.451808,0.483522,0.198616,0.240192
/content/RV-PBS_YOLO/images/train/IMG_3875.jpg,4032,3024,0,0.445623,0.241501,0.218373,0.260205
/content/RV-PBS_YOLO/images/train/IMG_3983.jpg,4032,3024,8,0.427173,0.418461,0.254519,0.304216
/content/RV-PBS_YOLO/images/train/IMG_3490.jpg,4032,3024,9,0.577529,0.542571,0.250568,0.331194
/content/RV-PBS_YOLO/images/train/IMG_4229.jpg,4032,3024,8,0.131042,0.432426,0.225154,0.307437
/content/RV-PBS_YOLO/images/train/IMG_2766.jpg,4032,3024,6,0.4723,0.6256,0.239561,0.284091
/content/RV-PBS_YOLO/images/train/IMG_3522.jpg,4032,3024,8,0.403547,0.719153,0.213591,0.294325
/content/RV-PBS_YOLO/images/train/IMG_3455.jpg,4032,3024,4,0.249501,0.23817,0.19191,0.186326
/content/RV-PBS_YOLO/images/train/IMG_2529.jpg,4032,3024,6,0.67123,0.555205,0.201513,0.269312
/content/RV-PBS_YOLO/images/train/IMG_2741.jpg,4032,3024,6,0.49062,0.421177,0.235615,0.26455
/content/RV-PBS_YOLO/images/train/IMG_3541.jpg,4032,3024,2,0.369377,0.448165,0.192644,0.271925
/content/RV-PBS_YOLO/images/train/IMG_3541.jpg,4032,3024,2,0.806388,0.608525,0.168906,0.214749
/content/RV-PBS_YOLO/images/train/IMG_3541.jpg,4032,3024,2,0.526695,0.554676,0.188881,0.255198
/content/RV-PBS_YOLO/images/train/IMG_3489.jpg,4032,3024,7,0.521445,0.523848,0.248743,0.311333
/content/RV-PBS_YOLO/images/train/IMG_2799.jpg,4032,3024,1,0.471509,0.668681,0.163554,0.238552
/content/RV-PBS_YOLO/images/train/IMG_3057.jpg,4032,3024,7,0.482009,0.41015,0.346002,0.358495
/content/RV-PBS_YOLO/images/train/IMG_3102.jpg,4032,3024,6,0.305693,0.789527,0.190751,0.243472
/content/RV-PBS_YOLO/images/train/IMG_2503.jpg,4032,3024,6,0.439063,0.571718,0.201438,0.287682
/content/RV-PBS_YOLO/images/train/slide_4.png,4032,3024,7,0.334612,0.795926,0.361446,0.321415
/content/RV-PBS_YOLO/images/train/slide_4.png,4032,3024,7,0.545022,0.401687,0.270947,0.390608
/content/RV-PBS_YOLO/images/train/slide_4.png,4032,3024,7,0.733941,0.605804,0.229787,0.267163
/content/RV-PBS_YOLO/images/train/slide_4.png,4032,3024,7,0.774804,0.33436,0.268606,0.380222
/content/RV-PBS_YOLO/images/train/slide_4.png,4032,3024,7,0.934576,0.670985,0.130848,0.30869
/content/RV-PBS_YOLO/images/train/slide_4.png,4032,3024,7,0.391357,0.532402,0.269816,0.414408
/content/RV-PBS_YOLO/images/train/IMG_3166.jpg,4032,3024,6,0.297112,0.767475,0.206927,0.291564
/content/RV-PBS_YOLO/images/train/IMG_2639.jpg,4032,3024,6,0.273495,0.195106,0.234038,0.31205
/content/RV-PBS_YOLO/images/train/IMG_3907.jpg,4032,3024,0,0.788615,0.721116,0.20655,0.264368
/content/RV-PBS_YOLO/images/train/IMG_4122.jpg,4032,3024,8,0.625014,0.653014,0.275389,0.308595
